Modelo,Ventas,Compras
Regresión Lineal,0.6539269494475046,-0.5006413416856847
SVR,0.3639308320311321,0.5548768032397003
Cascada,0.9827867091112108,0.9532094290081871
