Modelo,Ventas,Compras
Regresión Lineal,4.049808973528348,9.543853930670721
SVR,7.443395607119913,2.8309167907246042
Cascada,0.20143302055471066,0.29758101584547414
